"Name, dept , email, phone,   gender  ,  message
"
"fariha alam",cse,ne22@gmail.com,4221,female,
"Name, dept , email, phone,   gender  ,  message
"
"fariha alam",cse,ne22@gmail.com,04221,female,
"Name, dept , email, phone,   gender  ,  message
"
"fariha alam",cse,ne22@gmail.com,04221,female,
"Name, dept , email, phone,   gender  ,  message
"
fa,cs,amane22@gmail.com,04221,female,h
"Name, dept , email, phone,   gender  ,  message
"
fa,cs,amane22@gmail.com,21,female,h
"Name, dept , email, phone,   gender  ,  message
"
alam,cs,aalne22@gmail.com,000000000,female,
"Name, dept , email, phone,   gender  ,  message
"
"fariha alam",,ane22@gmail.com,010000000,female,kk
"Name, dept , email, phone,   gender  ,  message
"
"fariha alam",,ne22@gmail.com,00000000000000000000000,female,
